chain, residue_label, residue_name, score, zscore, probability, pocket
A,    0, HIS,  0.1333,  -0.2647,   0.0049, 0
A,    1, MET,  0.1240,  -0.2689,   0.0045, 0
A,    2, TRP,  0.0667,  -0.2945,   0.0021, 0
A,    3, ILE,  0.0000,  -0.3242,   0.0005, 0
A,    4, GLY,  0.0000,  -0.3242,   0.0005, 0
A,    5, VAL,  0.0000,  -0.3242,   0.0005, 0
A,    6, ILE,  0.0000,  -0.3242,   0.0005, 0
A,    7, SER,  0.0616,  -0.2967,   0.0020, 0
A,    8, LEU,  1.0064,   0.1251,   0.1537, 2
A,    9, PHE,  1.5709,   0.3770,   0.3007, 2
A,   10, PRO,  0.9161,   0.0847,   0.1302, 4
A,   11, GLU,  0.6524,  -0.0330,   0.0683, 4
A,   12, MET,  1.4956,   0.3434,   0.2818, 0
A,   13, PHE,  0.4246,  -0.1347,   0.0307, 0
A,   14, LYS,  0.3299,  -0.1769,   0.0197, 0
A,   15, ALA,  0.1517,  -0.2565,   0.0059, 0
A,   16, ILE,  0.2350,  -0.2193,   0.0113, 0
A,   17, THR,  0.4002,  -0.1456,   0.0277, 0
A,   18, GLU,  0.0547,  -0.2998,   0.0018, 0
A,   19, PHE,  0.4006,  -0.1454,   0.0277, 0
A,   20, GLY,  0.5195,  -0.0923,   0.0443, 0
A,   21, VAL,  0.6920,  -0.0153,   0.0766, 0
A,   22, THR,  0.5593,  -0.0745,   0.0509, 0
A,   23, GLY,  0.1206,  -0.2704,   0.0043, 0
A,   24, ARG,  0.2841,  -0.1974,   0.0154, 0
A,   25, ALA,  0.0327,  -0.3097,   0.0011, 0
A,   26, VAL,  0.1436,  -0.2601,   0.0054, 0
A,   27, LYS,  0.1223,  -0.2697,   0.0044, 0
A,   28, HIS,  0.1816,  -0.2432,   0.0076, 0
A,   29, ASN,  0.0251,  -0.3130,   0.0009, 0
A,   30, LEU,  0.0576,  -0.2985,   0.0019, 0
A,   31, LEU,  0.0474,  -0.3031,   0.0015, 0
A,   32, LYS,  0.1722,  -0.2474,   0.0071, 0
A,   33, VAL,  0.3987,  -0.1463,   0.0275, 0
A,   34, GLU,  0.5228,  -0.0908,   0.0449, 0
A,   35, CYS,  0.8283,   0.0455,   0.1080, 0
A,   36, TRP,  0.4420,  -0.1269,   0.0330, 0
A,   37, ASN,  0.6412,  -0.0380,   0.0661, 4
A,   38, PRO,  0.2168,  -0.2275,   0.0100, 0
A,   39, ARG,  1.1385,   0.1840,   0.1885, 2
A,   40, ASP,  0.6090,  -0.0523,   0.0599, 4
A,   41, PHE,  0.3956,  -0.1476,   0.0272, 0
A,   42, THR,  0.1611,  -0.2523,   0.0064, 0
A,   43, PHE,  0.2442,  -0.2152,   0.0120, 0
A,   44, ASP,  0.1662,  -0.2501,   0.0067, 0
A,   45, LYS,  0.1124,  -0.2740,   0.0040, 0
A,   46, HIS,  0.2183,  -0.2268,   0.0101, 2
A,   47, LYS,  0.2930,  -0.1934,   0.0162, 2
A,   48, THR,  0.6251,  -0.0452,   0.0630, 0
A,   49, VAL,  0.8015,   0.0336,   0.1016, 2
A,   50, ASP,  1.5618,   0.3730,   0.2984, 2
A,   51, ASP,  0.8935,   0.0746,   0.1244, 3
A,   52, ARG,  1.4103,   0.3054,   0.2601, 3
A,   53, PRO,  1.4408,   0.3190,   0.2679, 0
A,   54, TYR,  2.0827,   0.6055,   0.4158, 3
A,   55, GLY,  1.3788,   0.2913,   0.2518, 0
A,   56, GLY,  1.5173,   0.3531,   0.2874, 0
A,   57, GLY,  1.2113,   0.2165,   0.2077, 0
A,   58, PRO,  1.0919,   0.1632,   0.1762, 0
A,   59, GLY,  0.7585,   0.0144,   0.0913, 0
A,   60, MET,  0.9645,   0.1063,   0.1427, 2
A,   61, LEU,  1.3277,   0.2685,   0.2384, 1
A,   62, MET,  0.6306,  -0.0427,   0.0641, 0
A,   63, MET,  0.9427,   0.0966,   0.1370, 0
A,   64, VAL,  1.2602,   0.2383,   0.2207, 3
A,   65, GLN,  0.7451,   0.0084,   0.0883, 0
A,   66, PRO,  0.3484,  -0.1687,   0.0217, 0
A,   67, LEU,  0.2167,  -0.2275,   0.0100, 0
A,   68, ARG,  0.3875,  -0.1512,   0.0262, 0
A,   69, ASP,  0.1618,  -0.2520,   0.0064, 0
A,   70, ALA,  0.0006,  -0.3240,   0.0005, 0
A,   71, ILE,  0.0049,  -0.3221,   0.0005, 0
A,   72, HIS,  0.0291,  -0.3113,   0.0010, 0
A,   73, THR,  0.2821,  -0.1983,   0.0152, 0
A,   74, ALA,  0.0026,  -0.3231,   0.0005, 0
A,   75, LYS,  0.0224,  -0.3143,   0.0009, 0
A,   76, ALA,  0.0134,  -0.3182,   0.0007, 0
A,   77, ALA,  0.0315,  -0.3102,   0.0011, 0
A,   78, ALA,  0.0260,  -0.3126,   0.0009, 0
A,   79, GLY,  0.0189,  -0.3158,   0.0008, 0
A,   80, GLU,  0.0131,  -0.3184,   0.0007, 0
A,   81, GLY,  0.0141,  -0.3179,   0.0007, 0
A,   82, ALA,  0.0161,  -0.3171,   0.0007, 0
A,   83, LYS,  0.0309,  -0.3104,   0.0010, 0
A,   84, VAL,  0.0060,  -0.3216,   0.0005, 0
A,   85, ILE,  0.0152,  -0.3175,   0.0007, 0
A,   86, TYR,  6.4480,   2.5543,   0.8521, 1
A,   87, LEU,  7.4268,   2.9912,   0.8878, 1
A,   88, SER,  7.4314,   2.9933,   0.8879, 1
A,   89, PRO,  7.0477,   2.8220,   0.8754, 1
A,   90, GLN,  3.2603,   1.1312,   0.6051, 1
A,   91, GLY,  0.1025,  -0.2785,   0.0035, 0
A,   92, ARG,  0.1020,  -0.2787,   0.0035, 0
A,   93, LYS,  0.2253,  -0.2236,   0.0106, 0
A,   94, LEU,  0.8050,   0.0351,   0.1024, 0
A,   95, ASP,  1.1662,   0.1964,   0.1958, 0
A,   96, GLN,  2.3104,   0.7072,   0.4591, 0
A,   97, GLY,  0.1450,  -0.2595,   0.0055, 0
A,   98, GLY,  0.0471,  -0.3032,   0.0015, 0
A,   99, VAL,  0.8252,   0.0442,   0.1072, 0
A,  100, THR,  0.1708,  -0.2480,   0.0070, 0
A,  101, GLU,  0.0375,  -0.3075,   0.0012, 0
A,  102, LEU,  0.0155,  -0.3173,   0.0007, 0
A,  103, ALA,  0.1312,  -0.2657,   0.0048, 0
A,  104, GLN,  0.1045,  -0.2776,   0.0036, 0
A,  105, ASN,  0.0437,  -0.3047,   0.0014, 0
A,  106, GLN,  0.0369,  -0.3078,   0.0012, 0
A,  107, LYS,  0.0520,  -0.3010,   0.0017, 0
A,  108, LEU,  0.0152,  -0.3175,   0.0007, 0
A,  109, ILE,  0.0014,  -0.3236,   0.0005, 0
A,  110, LEU,  0.0000,  -0.3242,   0.0005, 0
A,  111, VAL,  1.6082,   0.3937,   0.3099, 0
A,  112, CYS,  2.2287,   0.6707,   0.4443, 0
A,  113, GLY,  5.2586,   2.0233,   0.7883, 1
A,  114, ARG,  4.8873,   1.8575,   0.7625, 1
A,  115, TYR,  3.8647,   1.4011,   0.6740, 1
A,  116, GLU,  3.6105,   1.2876,   0.6470, 1
A,  117, GLY,  4.7564,   1.7991,   0.7524, 1
A,  118, ILE,  3.7098,   1.3319,   0.6579, 1
A,  119, ASP,  2.1749,   0.6467,   0.4340, 3
A,  120, GLU,  0.6145,  -0.0499,   0.0610, 1
A,  121, ARG,  1.6764,   0.4241,   0.3264, 3
A,  122, LEU,  0.3184,  -0.1821,   0.0186, 0
A,  123, ILE,  1.0312,   0.1361,   0.1602, 1
A,  124, GLN,  0.0888,  -0.2846,   0.0029, 0
A,  125, THR,  0.3187,  -0.1820,   0.0186, 0
A,  126, GLU,  0.0502,  -0.3018,   0.0016, 0
A,  127, ILE,  0.0135,  -0.3182,   0.0007, 0
A,  128, ASP,  0.0488,  -0.3024,   0.0016, 0
A,  129, GLU,  0.0704,  -0.2928,   0.0023, 0
A,  130, GLU,  1.5096,   0.3497,   0.2854, 1
A,  131, TRP,  0.3068,  -0.1873,   0.0174, 0
A,  132, SER,  0.3991,  -0.1461,   0.0276, 1
A,  133, ILE,  1.3440,   0.2758,   0.2427, 0
A,  134, GLY,  0.5352,  -0.0853,   0.0469, 1
A,  135, ASP,  0.2799,  -0.1993,   0.0150, 0
A,  136, TYR,  1.3252,   0.2674,   0.2377, 1
A,  137, VAL,  2.1732,   0.6459,   0.4337, 1
A,  138, LEU,  5.8016,   2.2657,   0.8205, 1
A,  139, THR,  4.0765,   1.4956,   0.6944, 1
A,  140, GLY,  6.4865,   2.5715,   0.8537, 1
A,  141, GLY,  5.8849,   2.3029,   0.8250, 1
A,  142, GLU,  2.2703,   0.6893,   0.4519, 0
A,  143, LEU,  1.2112,   0.2165,   0.2077, 0
A,  144, PRO,  4.2479,   1.5721,   0.7101, 1
A,  145, ALA,  0.0008,  -0.3239,   0.0005, 0
A,  146, MET,  0.2217,  -0.2253,   0.0103, 0
A,  147, THR,  1.1852,   0.2048,   0.2009, 0
A,  148, LEU,  0.2242,  -0.2242,   0.0105, 0
A,  149, ILE,  0.0037,  -0.3226,   0.0005, 0
A,  150, ASP,  1.4892,   0.3406,   0.2802, 0
A,  151, ALA,  1.3333,   0.2710,   0.2399, 0
A,  152, VAL,  0.3656,  -0.1610,   0.0236, 0
A,  153, ALA,  0.1189,  -0.2712,   0.0043, 0
A,  154, ARG,  2.0818,   0.6051,   0.4156, 0
A,  155, PHE,  0.8790,   0.0682,   0.1207, 0
A,  156, ILE,  0.1776,  -0.2450,   0.0074, 0
A,  157, PRO,  0.2428,  -0.2159,   0.0119, 0
A,  158, GLY,  0.2016,  -0.2343,   0.0089, 0
A,  159, VAL,  0.3153,  -0.1835,   0.0183, 0
A,  160, LEU,  0.8615,   0.0604,   0.1162, 0
A,  169, ASP,  2.6230,   0.8467,   0.5143, 0
A,  170, SER,  1.8283,   0.4919,   0.3611, 0
A,  171, PHE,  2.5649,   0.8208,   0.5043, 0
A,  172, ALA,  0.5873,  -0.0621,   0.0558, 0
A,  173, ASP,  0.7031,  -0.0104,   0.0789, 0
A,  174, GLY,  0.3381,  -0.1733,   0.0206, 0
A,  175, LEU,  0.5255,  -0.0896,   0.0453, 0
A,  176, LEU,  1.6921,   0.4312,   0.3302, 0
A,  177, ASP,  2.3900,   0.7427,   0.4735, 0
A,  178, CYS,  2.2408,   0.6761,   0.4465, 0
A,  179, PRO,  1.7353,   0.4504,   0.3400, 0
A,  180, HIS,  2.5761,   0.8258,   0.5063, 0
A,  181, TYR,  2.9310,   0.9842,   0.5606, 0
A,  182, THR,  0.9810,   0.1137,   0.1469, 0
A,  183, ARG,  1.0123,   0.1277,   0.1553, 0
A,  184, PRO,  0.4229,  -0.1354,   0.0305, 0
A,  185, GLU,  0.3618,  -0.1627,   0.0231, 0
A,  186, VAL,  0.1440,  -0.2599,   0.0055, 0
A,  187, LEU,  0.4884,  -0.1062,   0.0395, 0
A,  188, GLU,  0.0497,  -0.3021,   0.0016, 0
A,  189, GLY,  0.0231,  -0.3139,   0.0009, 0
A,  190, LEU,  0.7186,  -0.0034,   0.0823, 0
A,  191, THR,  0.6223,  -0.0464,   0.0625, 0
A,  192, VAL,  0.9549,   0.1020,   0.1402, 0
A,  193, PRO,  1.9899,   0.5641,   0.3962, 0
A,  194, PRO,  1.0107,   0.1270,   0.1549, 0
A,  195, VAL,  1.7454,   0.4549,   0.3424, 0
A,  196, LEU,  2.2930,   0.6994,   0.4560, 0
A,  197, MET,  0.9852,   0.1156,   0.1480, 0
A,  198, SER,  0.8909,   0.0735,   0.1238, 0
A,  199, GLY,  1.2281,   0.2240,   0.2122, 0
A,  200, HIS,  1.0751,   0.1557,   0.1719, 0
A,  201, HIS,  1.3754,   0.2898,   0.2509, 0
A,  202, GLU,  0.3483,  -0.1688,   0.0217, 0
A,  203, GLU,  0.6320,  -0.0421,   0.0643, 0
A,  204, ILE,  1.8482,   0.5008,   0.3656, 0
A,  205, ARG,  0.7811,   0.0245,   0.0967, 0
A,  206, LYS,  0.8204,   0.0420,   0.1061, 0
A,  207, TRP,  3.0753,   1.0486,   0.5808, 0
A,  208, ARG,  3.9307,   1.4305,   0.6806, 0
A,  209, LEU,  1.1027,   0.1680,   0.1790, 0
A,  210, LYS,  1.1161,   0.1740,   0.1826, 0
A,  211, GLN,  1.7357,   0.4506,   0.3401, 0
A,  212, SER,  1.3534,   0.2799,   0.2452, 0
A,  213, LEU,  0.0976,  -0.2807,   0.0033, 0
A,  214, GLN,  0.2633,  -0.2067,   0.0135, 0
A,  215, ARG,  0.3838,  -0.1529,   0.0257, 0
A,  216, THR,  0.0018,  -0.3234,   0.0005, 0
A,  217, TRP,  0.0962,  -0.2813,   0.0032, 0
A,  218, LEU,  0.0654,  -0.2950,   0.0021, 0
A,  219, ARG,  0.4553,  -0.1210,   0.0348, 0
A,  220, ARG,  1.3287,   0.2689,   0.2386, 0
A,  221, PRO,  0.0786,  -0.2891,   0.0025, 0
A,  222, GLU,  0.3792,  -0.1550,   0.0251, 0
A,  223, LEU,  1.1637,   0.1953,   0.1951, 0
A,  224, LEU,  0.2047,  -0.2329,   0.0091, 0
A,  225, GLU,  0.1059,  -0.2769,   0.0037, 0
A,  226, GLY,  0.1386,  -0.2624,   0.0052, 0
A,  227, LEU,  0.2331,  -0.2202,   0.0112, 0
A,  228, ALA,  0.0098,  -0.3198,   0.0006, 0
A,  229, LEU,  0.1597,  -0.2530,   0.0063, 0
A,  230, THR,  0.0120,  -0.3189,   0.0007, 0
A,  231, ASP,  0.0088,  -0.3203,   0.0006, 0
A,  232, GLU,  0.0218,  -0.3145,   0.0008, 0
A,  233, GLN,  0.0680,  -0.2939,   0.0022, 0
A,  234, ARG,  0.0891,  -0.2845,   0.0029, 0
A,  235, LYS,  0.0183,  -0.3160,   0.0008, 0
A,  236, LEU,  0.0827,  -0.2873,   0.0027, 0
A,  237, LEU,  0.1613,  -0.2522,   0.0064, 0
A,  238, LYS,  0.0594,  -0.2977,   0.0019, 0
A,  239, GLU,  0.2167,  -0.2275,   0.0100, 0
A,  240, ALA,  0.0191,  -0.3157,   0.0008, 0
A,  241, GLN,  0.1703,  -0.2482,   0.0070, 0
A,  242, ALA,  0.0042,  -0.3224,   0.0005, 0
A,  243, GLU,  0.7479,   0.0096,   0.0889, 0
A,  244, HIS,  0.0398,  -0.3065,   0.0013, 0
A,  245, ASN,  0.0139,  -0.3180,   0.0007, 0
A,  246, SER,  0.0049,  -0.3220,   0.0005, 0
